QuotaAmount,StartDate,OwnerName,Username
1700000,2022-01-01,John Williams,trailhead1.n6ykxfwunve7.toetgnuw5hry@example.com
1700000,2022-02-01,John Williams,trailhead1.n6ykxfwunve7.toetgnuw5hry@example.com
1700000,2022-03-01,John Williams,trailhead1.n6ykxfwunve7.toetgnuw5hry@example.com
1700000,2022-04-01,John Williams,trailhead1.n6ykxfwunve7.toetgnuw5hry@example.com
1700000,2022-05-01,John Williams,trailhead1.n6ykxfwunve7.toetgnuw5hry@example.com
1700000,2022-06-01,John Williams,trailhead1.n6ykxfwunve7.toetgnuw5hry@example.com
1700000,2022-07-01,John Williams,trailhead1.n6ykxfwunve7.toetgnuw5hry@example.com
1700000,2022-08-01,John Williams,trailhead1.n6ykxfwunve7.toetgnuw5hry@example.com
1700000,2022-09-01,John Williams,trailhead1.n6ykxfwunve7.toetgnuw5hry@example.com
1700000,2022-10-01,John Williams,trailhead1.n6ykxfwunve7.toetgnuw5hry@example.com
1700000,2022-11-01,John Williams,trailhead1.n6ykxfwunve7.toetgnuw5hry@example.com
1700000,2022-12-01,John Williams,trailhead1.n6ykxfwunve7.toetgnuw5hry@example.com
1700000,2023-01-01,John Williams,trailhead1.n6ykxfwunve7.toetgnuw5hry@example.com
1700000,2022-01-01,Irene Kelley,trailhead11.mbiaizx0kv6c.qblpsddluktt@example.com
1700000,2022-02-01,Irene Kelley,trailhead11.mbiaizx0kv6c.qblpsddluktt@example.com
1700000,2022-03-01,Irene Kelley,trailhead11.mbiaizx0kv6c.qblpsddluktt@example.com
1700000,2022-04-01,Irene Kelley,trailhead11.mbiaizx0kv6c.qblpsddluktt@example.com
1700000,2022-05-01,Irene Kelley,trailhead11.mbiaizx0kv6c.qblpsddluktt@example.com
1700000,2022-06-01,Irene Kelley,trailhead11.mbiaizx0kv6c.qblpsddluktt@example.com
1700000,2022-07-01,Irene Kelley,trailhead11.mbiaizx0kv6c.qblpsddluktt@example.com
1700000,2022-08-01,Irene Kelley,trailhead11.mbiaizx0kv6c.qblpsddluktt@example.com
1700000,2022-09-01,Irene Kelley,trailhead11.mbiaizx0kv6c.qblpsddluktt@example.com
1700000,2022-10-01,Irene Kelley,trailhead11.mbiaizx0kv6c.qblpsddluktt@example.com
1700000,2022-11-01,Irene Kelley,trailhead11.mbiaizx0kv6c.qblpsddluktt@example.com
1700000,2022-12-01,Irene Kelley,trailhead11.mbiaizx0kv6c.qblpsddluktt@example.com
1700000,2023-01-01,Irene Kelley,trailhead11.mbiaizx0kv6c.qblpsddluktt@example.com
1700000,2022-01-01,Laura Garza,trailhead12.tkvqwt7lmieg.7dstmpsdf7uz.hthanbyxg6m4@example.com
1700000,2022-02-01,Laura Garza,trailhead12.tkvqwt7lmieg.7dstmpsdf7uz.hthanbyxg6m4@example.com
1700000,2022-03-01,Laura Garza,trailhead12.tkvqwt7lmieg.7dstmpsdf7uz.hthanbyxg6m4@example.com
1700000,2022-04-01,Laura Garza,trailhead12.tkvqwt7lmieg.7dstmpsdf7uz.hthanbyxg6m4@example.com
1700000,2022-05-01,Laura Garza,trailhead12.tkvqwt7lmieg.7dstmpsdf7uz.hthanbyxg6m4@example.com
1700000,2022-06-01,Laura Garza,trailhead12.tkvqwt7lmieg.7dstmpsdf7uz.hthanbyxg6m4@example.com
1700000,2022-07-01,Laura Garza,trailhead12.tkvqwt7lmieg.7dstmpsdf7uz.hthanbyxg6m4@example.com
1700000,2022-08-01,Laura Garza,trailhead12.tkvqwt7lmieg.7dstmpsdf7uz.hthanbyxg6m4@example.com
1700000,2022-09-01,Laura Garza,trailhead12.tkvqwt7lmieg.7dstmpsdf7uz.hthanbyxg6m4@example.com
1700000,2022-10-01,Laura Garza,trailhead12.tkvqwt7lmieg.7dstmpsdf7uz.hthanbyxg6m4@example.com
1700000,2022-11-01,Laura Garza,trailhead12.tkvqwt7lmieg.7dstmpsdf7uz.hthanbyxg6m4@example.com
1700000,2022-12-01,Laura Garza,trailhead12.tkvqwt7lmieg.7dstmpsdf7uz.hthanbyxg6m4@example.com
1700000,2023-01-01,Laura Garza,trailhead12.tkvqwt7lmieg.7dstmpsdf7uz.hthanbyxg6m4@example.com
1700000,2022-01-01,Evelyn Williamson,trailhead13.exax002zfjwl.plyyjpj8jpdn@example.com
1700000,2022-02-01,Evelyn Williamson,trailhead13.exax002zfjwl.plyyjpj8jpdn@example.com
1700000,2022-03-01,Evelyn Williamson,trailhead13.exax002zfjwl.plyyjpj8jpdn@example.com
1700000,2022-04-01,Evelyn Williamson,trailhead13.exax002zfjwl.plyyjpj8jpdn@example.com
1700000,2022-05-01,Evelyn Williamson,trailhead13.exax002zfjwl.plyyjpj8jpdn@example.com
1700000,2022-06-01,Evelyn Williamson,trailhead13.exax002zfjwl.plyyjpj8jpdn@example.com
1700000,2022-07-01,Evelyn Williamson,trailhead13.exax002zfjwl.plyyjpj8jpdn@example.com
1700000,2022-08-01,Evelyn Williamson,trailhead13.exax002zfjwl.plyyjpj8jpdn@example.com
1700000,2022-09-01,Evelyn Williamson,trailhead13.exax002zfjwl.plyyjpj8jpdn@example.com
1700000,2022-10-01,Evelyn Williamson,trailhead13.exax002zfjwl.plyyjpj8jpdn@example.com
1700000,2022-11-01,Evelyn Williamson,trailhead13.exax002zfjwl.plyyjpj8jpdn@example.com
1700000,2022-12-01,Evelyn Williamson,trailhead13.exax002zfjwl.plyyjpj8jpdn@example.com
1700000,2023-01-01,Evelyn Williamson,trailhead13.exax002zfjwl.plyyjpj8jpdn@example.com
1700000,2022-01-01,Harold Campbell,trailhead14.ppuxjchpbpss.8hfuzedewb9k@example.com
1700000,2022-02-01,Harold Campbell,trailhead14.ppuxjchpbpss.8hfuzedewb9k@example.com
1700000,2022-03-01,Harold Campbell,trailhead14.ppuxjchpbpss.8hfuzedewb9k@example.com
1700000,2022-04-01,Harold Campbell,trailhead14.ppuxjchpbpss.8hfuzedewb9k@example.com
1700000,2022-05-01,Harold Campbell,trailhead14.ppuxjchpbpss.8hfuzedewb9k@example.com
1700000,2022-06-01,Harold Campbell,trailhead14.ppuxjchpbpss.8hfuzedewb9k@example.com
1700000,2022-07-01,Harold Campbell,trailhead14.ppuxjchpbpss.8hfuzedewb9k@example.com
1700000,2022-08-01,Harold Campbell,trailhead14.ppuxjchpbpss.8hfuzedewb9k@example.com
1700000,2022-09-01,Harold Campbell,trailhead14.ppuxjchpbpss.8hfuzedewb9k@example.com
1700000,2022-10-01,Harold Campbell,trailhead14.ppuxjchpbpss.8hfuzedewb9k@example.com
1700000,2022-11-01,Harold Campbell,trailhead14.ppuxjchpbpss.8hfuzedewb9k@example.com
1700000,2022-12-01,Harold Campbell,trailhead14.ppuxjchpbpss.8hfuzedewb9k@example.com
1700000,2023-01-01,Harold Campbell,trailhead14.ppuxjchpbpss.8hfuzedewb9k@example.com
1700000,2022-01-01,Doroth Gardner,trailhead15.06kgtcinddyq.atrayd9uuwui@example.com
1700000,2022-02-01,Doroth Gardner,trailhead15.06kgtcinddyq.atrayd9uuwui@example.com
1700000,2022-03-01,Doroth Gardner,trailhead15.06kgtcinddyq.atrayd9uuwui@example.com
1700000,2022-04-01,Doroth Gardner,trailhead15.06kgtcinddyq.atrayd9uuwui@example.com
1700000,2022-05-01,Doroth Gardner,trailhead15.06kgtcinddyq.atrayd9uuwui@example.com
1700000,2022-06-01,Doroth Gardner,trailhead15.06kgtcinddyq.atrayd9uuwui@example.com
1700000,2022-07-01,Doroth Gardner,trailhead15.06kgtcinddyq.atrayd9uuwui@example.com
1700000,2022-08-01,Doroth Gardner,trailhead15.06kgtcinddyq.atrayd9uuwui@example.com
1700000,2022-09-01,Doroth Gardner,trailhead15.06kgtcinddyq.atrayd9uuwui@example.com
1700000,2022-10-01,Doroth Gardner,trailhead15.06kgtcinddyq.atrayd9uuwui@example.com
1700000,2022-11-01,Doroth Gardner,trailhead15.06kgtcinddyq.atrayd9uuwui@example.com
1700000,2022-12-01,Doroth Gardner,trailhead15.06kgtcinddyq.atrayd9uuwui@example.com
1700000,2023-01-01,Doroth Gardner,trailhead15.06kgtcinddyq.atrayd9uuwui@example.com
1700000,2022-01-01,Catherine Brown,trailhead16.mgbhdaflca3v.u8c1ltdrqjju@example.com
1700000,2022-02-01,Catherine Brown,trailhead16.mgbhdaflca3v.u8c1ltdrqjju@example.com
1700000,2022-03-01,Catherine Brown,trailhead16.mgbhdaflca3v.u8c1ltdrqjju@example.com
1700000,2022-04-01,Catherine Brown,trailhead16.mgbhdaflca3v.u8c1ltdrqjju@example.com
1700000,2022-05-01,Catherine Brown,trailhead16.mgbhdaflca3v.u8c1ltdrqjju@example.com
1700000,2022-06-01,Catherine Brown,trailhead16.mgbhdaflca3v.u8c1ltdrqjju@example.com
1700000,2022-07-01,Catherine Brown,trailhead16.mgbhdaflca3v.u8c1ltdrqjju@example.com
1700000,2022-08-01,Catherine Brown,trailhead16.mgbhdaflca3v.u8c1ltdrqjju@example.com
1700000,2022-09-01,Catherine Brown,trailhead16.mgbhdaflca3v.u8c1ltdrqjju@example.com
1700000,2022-10-01,Catherine Brown,trailhead16.mgbhdaflca3v.u8c1ltdrqjju@example.com
1700000,2022-11-01,Catherine Brown,trailhead16.mgbhdaflca3v.u8c1ltdrqjju@example.com
1700000,2022-12-01,Catherine Brown,trailhead16.mgbhdaflca3v.u8c1ltdrqjju@example.com
1700000,2023-01-01,Catherine Brown,trailhead16.mgbhdaflca3v.u8c1ltdrqjju@example.com
1700000,2022-01-01,Bruce Kennedy,trailhead17.bdy5fpxjxlmy.355y95y8hj6l@example.com
1700000,2022-02-01,Bruce Kennedy,trailhead17.bdy5fpxjxlmy.355y95y8hj6l@example.com
1700000,2022-03-01,Bruce Kennedy,trailhead17.bdy5fpxjxlmy.355y95y8hj6l@example.com
1700000,2022-04-01,Bruce Kennedy,trailhead17.bdy5fpxjxlmy.355y95y8hj6l@example.com
1700000,2022-05-01,Bruce Kennedy,trailhead17.bdy5fpxjxlmy.355y95y8hj6l@example.com
1700000,2022-06-01,Bruce Kennedy,trailhead17.bdy5fpxjxlmy.355y95y8hj6l@example.com
1700000,2022-07-01,Bruce Kennedy,trailhead17.bdy5fpxjxlmy.355y95y8hj6l@example.com
1700000,2022-08-01,Bruce Kennedy,trailhead17.bdy5fpxjxlmy.355y95y8hj6l@example.com
1700000,2022-09-01,Bruce Kennedy,trailhead17.bdy5fpxjxlmy.355y95y8hj6l@example.com
1700000,2022-10-01,Bruce Kennedy,trailhead17.bdy5fpxjxlmy.355y95y8hj6l@example.com
1700000,2022-11-01,Bruce Kennedy,trailhead17.bdy5fpxjxlmy.355y95y8hj6l@example.com
1700000,2022-12-01,Bruce Kennedy,trailhead17.bdy5fpxjxlmy.355y95y8hj6l@example.com
1700000,2023-01-01,Bruce Kennedy,trailhead17.bdy5fpxjxlmy.355y95y8hj6l@example.com
1700000,2022-01-01,Johnny Green,trailhead18.ahptrtgtamqe.neio9gagyhgv@example.com
1700000,2022-02-01,Johnny Green,trailhead18.ahptrtgtamqe.neio9gagyhgv@example.com
1700000,2022-03-01,Johnny Green,trailhead18.ahptrtgtamqe.neio9gagyhgv@example.com
1700000,2022-04-01,Johnny Green,trailhead18.ahptrtgtamqe.neio9gagyhgv@example.com
1700000,2022-05-01,Johnny Green,trailhead18.ahptrtgtamqe.neio9gagyhgv@example.com
1700000,2022-06-01,Johnny Green,trailhead18.ahptrtgtamqe.neio9gagyhgv@example.com
1700000,2022-07-01,Johnny Green,trailhead18.ahptrtgtamqe.neio9gagyhgv@example.com
1700000,2022-08-01,Johnny Green,trailhead18.ahptrtgtamqe.neio9gagyhgv@example.com
1700000,2022-09-01,Johnny Green,trailhead18.ahptrtgtamqe.neio9gagyhgv@example.com
1700000,2022-10-01,Johnny Green,trailhead18.ahptrtgtamqe.neio9gagyhgv@example.com
1700000,2022-11-01,Johnny Green,trailhead18.ahptrtgtamqe.neio9gagyhgv@example.com
1700000,2022-12-01,Johnny Green,trailhead18.ahptrtgtamqe.neio9gagyhgv@example.com
1700000,2023-01-01,Johnny Green,trailhead18.ahptrtgtamqe.neio9gagyhgv@example.com
1700000,2022-01-01,Jessica Nichols,trailhead19.256u1mgepbyw.ogzwpwxx1dcm@example.com
1700000,2022-02-01,Jessica Nichols,trailhead19.256u1mgepbyw.ogzwpwxx1dcm@example.com
1700000,2022-03-01,Jessica Nichols,trailhead19.256u1mgepbyw.ogzwpwxx1dcm@example.com
1700000,2022-04-01,Jessica Nichols,trailhead19.256u1mgepbyw.ogzwpwxx1dcm@example.com
1700000,2022-05-01,Jessica Nichols,trailhead19.256u1mgepbyw.ogzwpwxx1dcm@example.com
1700000,2022-06-01,Jessica Nichols,trailhead19.256u1mgepbyw.ogzwpwxx1dcm@example.com
1700000,2022-07-01,Jessica Nichols,trailhead19.256u1mgepbyw.ogzwpwxx1dcm@example.com
1700000,2022-08-01,Jessica Nichols,trailhead19.256u1mgepbyw.ogzwpwxx1dcm@example.com
1700000,2022-09-01,Jessica Nichols,trailhead19.256u1mgepbyw.ogzwpwxx1dcm@example.com
1700000,2022-10-01,Jessica Nichols,trailhead19.256u1mgepbyw.ogzwpwxx1dcm@example.com
1700000,2022-11-01,Jessica Nichols,trailhead19.256u1mgepbyw.ogzwpwxx1dcm@example.com
1700000,2022-12-01,Jessica Nichols,trailhead19.256u1mgepbyw.ogzwpwxx1dcm@example.com
1700000,2023-01-01,Jessica Nichols,trailhead19.256u1mgepbyw.ogzwpwxx1dcm@example.com
1700000,2022-01-01,Eric Sanchez,trailhead2.nzbwixhww5rb.zaz0y1srqg6f@example.com
1700000,2022-02-01,Eric Sanchez,trailhead2.nzbwixhww5rb.zaz0y1srqg6f@example.com
1700000,2022-03-01,Eric Sanchez,trailhead2.nzbwixhww5rb.zaz0y1srqg6f@example.com
1700000,2022-04-01,Eric Sanchez,trailhead2.nzbwixhww5rb.zaz0y1srqg6f@example.com
1700000,2022-05-01,Eric Sanchez,trailhead2.nzbwixhww5rb.zaz0y1srqg6f@example.com
1700000,2022-06-01,Eric Sanchez,trailhead2.nzbwixhww5rb.zaz0y1srqg6f@example.com
1700000,2022-07-01,Eric Sanchez,trailhead2.nzbwixhww5rb.zaz0y1srqg6f@example.com
1700000,2022-08-01,Eric Sanchez,trailhead2.nzbwixhww5rb.zaz0y1srqg6f@example.com
1700000,2022-09-01,Eric Sanchez,trailhead2.nzbwixhww5rb.zaz0y1srqg6f@example.com
1700000,2022-10-01,Eric Sanchez,trailhead2.nzbwixhww5rb.zaz0y1srqg6f@example.com
1700000,2022-11-01,Eric Sanchez,trailhead2.nzbwixhww5rb.zaz0y1srqg6f@example.com
1700000,2022-12-01,Eric Sanchez,trailhead2.nzbwixhww5rb.zaz0y1srqg6f@example.com
1700000,2023-01-01,Eric Sanchez,trailhead2.nzbwixhww5rb.zaz0y1srqg6f@example.com
1700000,2022-01-01,Julie Chavez,trailhead20.s0mwscvfszak.bbc6ot2kaelf@example.com
1700000,2022-02-01,Julie Chavez,trailhead20.s0mwscvfszak.bbc6ot2kaelf@example.com
1700000,2022-03-01,Julie Chavez,trailhead20.s0mwscvfszak.bbc6ot2kaelf@example.com
1700000,2022-04-01,Julie Chavez,trailhead20.s0mwscvfszak.bbc6ot2kaelf@example.com
1700000,2022-05-01,Julie Chavez,trailhead20.s0mwscvfszak.bbc6ot2kaelf@example.com
1700000,2022-06-01,Julie Chavez,trailhead20.s0mwscvfszak.bbc6ot2kaelf@example.com
1700000,2022-07-01,Julie Chavez,trailhead20.s0mwscvfszak.bbc6ot2kaelf@example.com
1700000,2022-08-01,Julie Chavez,trailhead20.s0mwscvfszak.bbc6ot2kaelf@example.com
1700000,2022-09-01,Julie Chavez,trailhead20.s0mwscvfszak.bbc6ot2kaelf@example.com
1700000,2022-10-01,Julie Chavez,trailhead20.s0mwscvfszak.bbc6ot2kaelf@example.com
1700000,2022-11-01,Julie Chavez,trailhead20.s0mwscvfszak.bbc6ot2kaelf@example.com
1700000,2022-12-01,Julie Chavez,trailhead20.s0mwscvfszak.bbc6ot2kaelf@example.com
1700000,2023-01-01,Julie Chavez,trailhead20.s0mwscvfszak.bbc6ot2kaelf@example.com
1700000,2022-01-01,Bob Bandit,trailhead21.jc0ojns7tkwu.oyckueyi1t2h@example.com
1700000,2022-02-01,Bob Bandit,trailhead21.jc0ojns7tkwu.oyckueyi1t2h@example.com
1700000,2022-03-01,Bob Bandit,trailhead21.jc0ojns7tkwu.oyckueyi1t2h@example.com
1700000,2022-04-01,Bob Bandit,trailhead21.jc0ojns7tkwu.oyckueyi1t2h@example.com
1700000,2022-05-01,Bob Bandit,trailhead21.jc0ojns7tkwu.oyckueyi1t2h@example.com
1700000,2022-06-01,Bob Bandit,trailhead21.jc0ojns7tkwu.oyckueyi1t2h@example.com
1700000,2022-07-01,Bob Bandit,trailhead21.jc0ojns7tkwu.oyckueyi1t2h@example.com
1700000,2022-08-01,Bob Bandit,trailhead21.jc0ojns7tkwu.oyckueyi1t2h@example.com
1700000,2022-09-01,Bob Bandit,trailhead21.jc0ojns7tkwu.oyckueyi1t2h@example.com
1700000,2022-10-01,Bob Bandit,trailhead21.jc0ojns7tkwu.oyckueyi1t2h@example.com
1700000,2022-11-01,Bob Bandit,trailhead21.jc0ojns7tkwu.oyckueyi1t2h@example.com
1700000,2022-12-01,Bob Bandit,trailhead21.jc0ojns7tkwu.oyckueyi1t2h@example.com
1700000,2023-01-01,Bob Bandit,trailhead21.jc0ojns7tkwu.oyckueyi1t2h@example.com
1700000,2022-01-01,Laura Palmer,trailhead3.uzkgdiojoqef.sn0tvsxehcn9@example.com
1700000,2022-02-01,Laura Palmer,trailhead3.uzkgdiojoqef.sn0tvsxehcn9@example.com
1700000,2022-03-01,Laura Palmer,trailhead3.uzkgdiojoqef.sn0tvsxehcn9@example.com
1700000,2022-04-01,Laura Palmer,trailhead3.uzkgdiojoqef.sn0tvsxehcn9@example.com
1700000,2022-05-01,Laura Palmer,trailhead3.uzkgdiojoqef.sn0tvsxehcn9@example.com
1700000,2022-06-01,Laura Palmer,trailhead3.uzkgdiojoqef.sn0tvsxehcn9@example.com
1700000,2022-07-01,Laura Palmer,trailhead3.uzkgdiojoqef.sn0tvsxehcn9@example.com
1700000,2022-08-01,Laura Palmer,trailhead3.uzkgdiojoqef.sn0tvsxehcn9@example.com
1700000,2022-09-01,Laura Palmer,trailhead3.uzkgdiojoqef.sn0tvsxehcn9@example.com
1700000,2022-10-01,Laura Palmer,trailhead3.uzkgdiojoqef.sn0tvsxehcn9@example.com
1700000,2022-11-01,Laura Palmer,trailhead3.uzkgdiojoqef.sn0tvsxehcn9@example.com
1700000,2022-12-01,Laura Palmer,trailhead3.uzkgdiojoqef.sn0tvsxehcn9@example.com
1700000,2023-01-01,Laura Palmer,trailhead3.uzkgdiojoqef.sn0tvsxehcn9@example.com
1700000,2022-01-01,Dennis Howard,trailhead4.guoogzqipwnu.9fe7dxulzmjc@example.com
1700000,2022-02-01,Dennis Howard,trailhead4.guoogzqipwnu.9fe7dxulzmjc@example.com
1700000,2022-03-01,Dennis Howard,trailhead4.guoogzqipwnu.9fe7dxulzmjc@example.com
1700000,2022-04-01,Dennis Howard,trailhead4.guoogzqipwnu.9fe7dxulzmjc@example.com
1700000,2022-05-01,Dennis Howard,trailhead4.guoogzqipwnu.9fe7dxulzmjc@example.com
1700000,2022-06-01,Dennis Howard,trailhead4.guoogzqipwnu.9fe7dxulzmjc@example.com
1700000,2022-07-01,Dennis Howard,trailhead4.guoogzqipwnu.9fe7dxulzmjc@example.com
1700000,2022-08-01,Dennis Howard,trailhead4.guoogzqipwnu.9fe7dxulzmjc@example.com
1700000,2022-09-01,Dennis Howard,trailhead4.guoogzqipwnu.9fe7dxulzmjc@example.com
1700000,2022-10-01,Dennis Howard,trailhead4.guoogzqipwnu.9fe7dxulzmjc@example.com
1700000,2022-11-01,Dennis Howard,trailhead4.guoogzqipwnu.9fe7dxulzmjc@example.com
1700000,2022-12-01,Dennis Howard,trailhead4.guoogzqipwnu.9fe7dxulzmjc@example.com
1700000,2023-01-01,Dennis Howard,trailhead4.guoogzqipwnu.9fe7dxulzmjc@example.com
1700000,2022-01-01,Eric Gutierrez,trailhead5.b4rivkivqdjo.kybhyfqakb9q@example.com
1700000,2022-02-01,Eric Gutierrez,trailhead5.b4rivkivqdjo.kybhyfqakb9q@example.com
1700000,2022-03-01,Eric Gutierrez,trailhead5.b4rivkivqdjo.kybhyfqakb9q@example.com
1700000,2022-04-01,Eric Gutierrez,trailhead5.b4rivkivqdjo.kybhyfqakb9q@example.com
1700000,2022-05-01,Eric Gutierrez,trailhead5.b4rivkivqdjo.kybhyfqakb9q@example.com
1700000,2022-06-01,Eric Gutierrez,trailhead5.b4rivkivqdjo.kybhyfqakb9q@example.com
1700000,2022-07-01,Eric Gutierrez,trailhead5.b4rivkivqdjo.kybhyfqakb9q@example.com
1700000,2022-08-01,Eric Gutierrez,trailhead5.b4rivkivqdjo.kybhyfqakb9q@example.com
1700000,2022-09-01,Eric Gutierrez,trailhead5.b4rivkivqdjo.kybhyfqakb9q@example.com
1700000,2022-10-01,Eric Gutierrez,trailhead5.b4rivkivqdjo.kybhyfqakb9q@example.com
1700000,2022-11-01,Eric Gutierrez,trailhead5.b4rivkivqdjo.kybhyfqakb9q@example.com
1700000,2022-12-01,Eric Gutierrez,trailhead5.b4rivkivqdjo.kybhyfqakb9q@example.com
1700000,2023-01-01,Eric Gutierrez,trailhead5.b4rivkivqdjo.kybhyfqakb9q@example.com
1700000,2022-01-01,Nicolas Weaver,trailhead6.dbwoxp9nysk9.tvkhmt1nsxl6@example.com
1700000,2022-02-01,Nicolas Weaver,trailhead6.dbwoxp9nysk9.tvkhmt1nsxl6@example.com
1700000,2022-03-01,Nicolas Weaver,trailhead6.dbwoxp9nysk9.tvkhmt1nsxl6@example.com
1700000,2022-04-01,Nicolas Weaver,trailhead6.dbwoxp9nysk9.tvkhmt1nsxl6@example.com
1700000,2022-05-01,Nicolas Weaver,trailhead6.dbwoxp9nysk9.tvkhmt1nsxl6@example.com
1700000,2022-06-01,Nicolas Weaver,trailhead6.dbwoxp9nysk9.tvkhmt1nsxl6@example.com
1700000,2022-07-01,Nicolas Weaver,trailhead6.dbwoxp9nysk9.tvkhmt1nsxl6@example.com
1700000,2022-08-01,Nicolas Weaver,trailhead6.dbwoxp9nysk9.tvkhmt1nsxl6@example.com
1700000,2022-09-01,Nicolas Weaver,trailhead6.dbwoxp9nysk9.tvkhmt1nsxl6@example.com
1700000,2022-10-01,Nicolas Weaver,trailhead6.dbwoxp9nysk9.tvkhmt1nsxl6@example.com
1700000,2022-11-01,Nicolas Weaver,trailhead6.dbwoxp9nysk9.tvkhmt1nsxl6@example.com
1700000,2022-12-01,Nicolas Weaver,trailhead6.dbwoxp9nysk9.tvkhmt1nsxl6@example.com
1700000,2023-01-01,Nicolas Weaver,trailhead6.dbwoxp9nysk9.tvkhmt1nsxl6@example.com
1700000,2022-01-01,Kelly Frazier,trailhead7.v4dbtbcgzv2f.oumrkcnurill@example.com
1700000,2022-02-01,Kelly Frazier,trailhead7.v4dbtbcgzv2f.oumrkcnurill@example.com
1700000,2022-03-01,Kelly Frazier,trailhead7.v4dbtbcgzv2f.oumrkcnurill@example.com
1700000,2022-04-01,Kelly Frazier,trailhead7.v4dbtbcgzv2f.oumrkcnurill@example.com
1700000,2022-05-01,Kelly Frazier,trailhead7.v4dbtbcgzv2f.oumrkcnurill@example.com
1700000,2022-06-01,Kelly Frazier,trailhead7.v4dbtbcgzv2f.oumrkcnurill@example.com
1700000,2022-07-01,Kelly Frazier,trailhead7.v4dbtbcgzv2f.oumrkcnurill@example.com
1700000,2022-08-01,Kelly Frazier,trailhead7.v4dbtbcgzv2f.oumrkcnurill@example.com
1700000,2022-09-01,Kelly Frazier,trailhead7.v4dbtbcgzv2f.oumrkcnurill@example.com
1700000,2022-10-01,Kelly Frazier,trailhead7.v4dbtbcgzv2f.oumrkcnurill@example.com
1700000,2022-11-01,Kelly Frazier,trailhead7.v4dbtbcgzv2f.oumrkcnurill@example.com
1700000,2022-12-01,Kelly Frazier,trailhead7.v4dbtbcgzv2f.oumrkcnurill@example.com
1700000,2023-01-01,Kelly Frazier,trailhead7.v4dbtbcgzv2f.oumrkcnurill@example.com
1700000,2022-01-01,Irene McCoy,trailhead8.yqx2vcjdte2x.nsqta3kqqzdd@example.com
1700000,2022-02-01,Irene McCoy,trailhead8.yqx2vcjdte2x.nsqta3kqqzdd@example.com
1700000,2022-03-01,Irene McCoy,trailhead8.yqx2vcjdte2x.nsqta3kqqzdd@example.com
1700000,2022-04-01,Irene McCoy,trailhead8.yqx2vcjdte2x.nsqta3kqqzdd@example.com
1700000,2022-05-01,Irene McCoy,trailhead8.yqx2vcjdte2x.nsqta3kqqzdd@example.com
1700000,2022-06-01,Irene McCoy,trailhead8.yqx2vcjdte2x.nsqta3kqqzdd@example.com
1700000,2022-07-01,Irene McCoy,trailhead8.yqx2vcjdte2x.nsqta3kqqzdd@example.com
1700000,2022-08-01,Irene McCoy,trailhead8.yqx2vcjdte2x.nsqta3kqqzdd@example.com
1700000,2022-09-01,Irene McCoy,trailhead8.yqx2vcjdte2x.nsqta3kqqzdd@example.com
1700000,2022-10-01,Irene McCoy,trailhead8.yqx2vcjdte2x.nsqta3kqqzdd@example.com
1700000,2022-11-01,Irene McCoy,trailhead8.yqx2vcjdte2x.nsqta3kqqzdd@example.com
1700000,2022-12-01,Irene McCoy,trailhead8.yqx2vcjdte2x.nsqta3kqqzdd@example.com
1700000,2023-01-01,Irene McCoy,trailhead8.yqx2vcjdte2x.nsqta3kqqzdd@example.com
1700000,2022-01-01,Chris Riley,trailhead9.8pmvcjan2to1.rqkeexk22ynm@example.com
1700000,2022-02-01,Chris Riley,trailhead9.8pmvcjan2to1.rqkeexk22ynm@example.com
1700000,2022-03-01,Chris Riley,trailhead9.8pmvcjan2to1.rqkeexk22ynm@example.com
1700000,2022-04-01,Chris Riley,trailhead9.8pmvcjan2to1.rqkeexk22ynm@example.com
1700000,2022-05-01,Chris Riley,trailhead9.8pmvcjan2to1.rqkeexk22ynm@example.com
1700000,2022-06-01,Chris Riley,trailhead9.8pmvcjan2to1.rqkeexk22ynm@example.com
1700000,2022-07-01,Chris Riley,trailhead9.8pmvcjan2to1.rqkeexk22ynm@example.com
1700000,2022-08-01,Chris Riley,trailhead9.8pmvcjan2to1.rqkeexk22ynm@example.com
1700000,2022-09-01,Chris Riley,trailhead9.8pmvcjan2to1.rqkeexk22ynm@example.com
1700000,2022-10-01,Chris Riley,trailhead9.8pmvcjan2to1.rqkeexk22ynm@example.com
1700000,2022-11-01,Chris Riley,trailhead9.8pmvcjan2to1.rqkeexk22ynm@example.com
1700000,2022-12-01,Chris Riley,trailhead9.8pmvcjan2to1.rqkeexk22ynm@example.com
1700000,2023-01-01,Chris Riley,trailhead9.8pmvcjan2to1.rqkeexk22ynm@example.com
